id,created_at,updated_at,status,code_sap,name,fantasy,system,retroactive,owner
1,2019-12-03 15:55:28,2019-12-03 15:55:28,True,10604003,2D COM DE INSUMOS AGRIC LTDA,DDB AGRO,,,1
3,2019-12-03 15:55:28,2019-12-19 17:50:54,True,10551138,ADUBOS ARAGUAIA IND E COM LTDA,ADUBOS ARAGUAIA,,,1
4,2019-12-03 15:55:28,2019-12-03 15:55:28,True,10433983,ADUBOS REAL SA,ADUBOS REAL,,,1
12,2019-12-03 15:55:28,2019-12-20 01:14:14,True,10433578,AGRO COML AFUBRA LTDA,AFUBRA,,,1
13,2019-12-03 15:55:28,2019-12-17 13:43:50,True,10433851,AGRO JANGADA LTDA,AGRO JANGADA,,,1
15,2019-12-03 15:55:28,2020-01-09 15:51:56,True,10502625,AGRO NETO COM DE CEREAIS PROD AGROP,AGROMAIA,,,1
17,2019-12-03 15:55:28,2019-12-03 15:55:28,True,10550831,AGROCAFE COM REPRES LTDA,AGROCAFE,,,1
20,2019-12-03 15:55:28,2019-12-03 15:55:28,True,10433848,AGROCAXIAS COMERCIAL AGRICOLA,AGROCAXIAS,,,1
21,2019-12-03 15:55:28,2019-12-17 13:48:53,True,10433439,AGROCERRADO PROD AGRIC AS TEC LTDA,AGROCERRADO,,,1
25,2019-12-03 15:55:28,2019-12-03 15:55:28,True,10560502,AGROIN COM E REPRESENTACOES LTDA,AGROIN,,,1
26,2019-12-03 15:55:28,2019-12-03 15:55:28,True,10586362,AGROINSUMOS COML AGRIC LTDA,AGROINSUMOS,,,1
27,2019-12-03 15:55:28,2019-12-17 14:43:43,True,10528610,AGROLOGICA AGROMERCANTIL LTDA,AGROLOGICA,,,1
28,2019-12-03 15:55:28,2019-12-03 15:55:28,True,10598542,AGROMEC JALES AGRICOLA LTDA,AGROMEC,,,1
30,2019-12-03 15:55:28,2019-12-03 15:55:28,True,10550064,AGROMULLER PROD AGRIC LTDA,AGROMULLER,,,1
31,2019-12-03 15:55:28,2019-12-03 15:55:28,True,10524507,AGRONIL AGRONEGOCIOS DO NORDESTE LT,AGRONIL,,,1
32,2019-12-03 15:55:28,2019-12-03 15:55:28,True,10434368,AGROOESTE COM E REPRESENTACAO LTDA,AGROOESTE,,,1
35,2019-12-03 15:55:28,2019-12-18 09:53:27,True,10433764,AGROPAULISTA COM REP PROD AGRO UNAI,AGROPAULISTA,,,1
38,2019-12-03 15:55:28,2019-12-19 16:04:13,True,10514098,AGROSYN COM E REP DE INS AGRIC LTDA,AGROSYN,,,1
40,2019-12-03 15:55:28,2019-12-03 15:55:28,True,10512199,AGROTEC SP COM E REPRES LTDA,AGROTEC,,,1
42,2019-12-03 15:55:28,2019-12-17 14:17:38,True,10433607,AGROTEKNE COM REPRES LTDA,AGROTEKNE,,,1
54,2019-12-03 15:55:28,2019-12-03 15:55:28,True,10548681,BOLSA AGRONEGOCIOS REPRESENTACOES L,BOLSA,,,1
56,2019-12-03 15:55:28,2019-12-03 15:55:28,True,10434372,CAMPO VERDE COM AGRIC E REPRES LTDA,CAMPO VERDE,,,1
63,2019-12-03 15:55:28,2019-12-03 15:55:28,True,10546251,CASAL COMERCIO E SERVICOS LTDA,CASAL,,,1
64,2019-12-03 15:55:28,2019-12-03 15:55:28,True,10551439,CASTROLANDA COOP AGROINDL LTDA,CASTROLANDA,,,1
65,2019-12-03 15:55:28,2019-12-03 15:55:28,True,10598556,CATIVA AGRONEG COM E REPRES LTDA,CATIVA,,,1
66,2019-12-03 15:55:28,2019-12-03 15:55:28,True,10549878,CCAB AGRO SA,CCAB,,,1
67,2019-12-03 15:55:28,2019-12-03 15:55:28,True,10550072,CENTRAL DE ADUBOS COM E REPRES LTDA,CENTRAL DE ADUBOS,,,1
68,2019-12-03 15:55:28,2019-12-03 15:55:28,True,10549094,CHS AGRONEGOCIO IND E COM LTDA,CHS,,,1
70,2019-12-03 15:55:28,2019-12-19 15:53:05,True,10434524,CIARAMA INSUMOS LTDA,CIARAMA,,,1
74,2019-12-03 15:55:28,2019-12-03 15:55:28,True,10433609,COAMO AGROINDUSTRIAL COOPERATIVA,COAMO,,,1
18,2019-12-03 15:55:28,2020-02-18 15:20:21,True,10433939,AGROCANA COM E REPRES LTDA,AGROCANA,,,1
23,2019-12-03 15:55:28,2020-02-18 15:35:22,True,10434451,AGROFARM PRODUTOS AGROQUIMICOS LTDA,AGROFARM,,,1
49,2019-12-03 15:55:28,2020-04-14 11:20:56,True,10545592,AP AGRO INSUMOS AGRIC LTDA,AP,,,1
9,2019-12-03 15:55:28,2020-02-14 09:49:08,True,10434033,AGRIC VASSOLER LTDA,VASSOLER,,,1
62,2019-12-03 15:55:28,2020-01-29 14:08:03,True,10434490,CASA DO ADUBO SA,CASA DO ADUBO,,,1
72,2019-12-03 15:55:28,2020-08-24 11:13:25,True,10439737,COAGRO COOPERATIVA AGROINDUSTRIAL,COAGRO,,,1
45,2019-12-03 15:55:28,2020-05-05 16:22:19,True,10433905,AILSON JOSE PADOIN CIA LTDA,PADOIN,,,1
34,2019-12-03 15:55:28,2020-05-05 16:38:35,True,10433875,AGROP PARCERIA LTDA,PARCERIA,,,1
41,2019-12-03 15:55:28,2020-02-14 10:03:38,True,10434199,AGROTECNICA SOLUCOES AGRIC LTDA,AGROTECNICA,,,1
52,2019-12-03 15:55:28,2020-02-14 10:14:36,True,10434364,BIOAGRO COML AGROP LTDA,BIOAGRO,,,1
60,2019-12-03 15:55:28,2020-02-14 10:16:30,True,10614069,CARMINATTI CEREAIS LTDA,CARMINATTI,,,1
69,2019-12-03 15:55:28,2020-02-14 10:19:01,True,10434129,CIA DA TERRA AGRONEGOCIOS LTDA,CIA DA TERRA,,,1
51,2019-12-03 15:55:28,2020-08-24 11:12:28,True,10434489,BELAGRICOLA COM REPRES PROD AGRIC,BELAGRICOLA,,,1
61,2019-12-03 15:55:28,2020-02-12 12:14:56,True,10552654,CASA DAS SEMENTES E INS AGRIC LTDA,CASA DAS SEMENTES,,,1
55,2019-12-03 15:55:28,2020-03-24 14:28:44,True,10545361,CAMPO LIMPO INSUMOS AGROP LTDA,CAMPO LIMPO,,,1
48,2019-12-03 15:55:28,2020-02-11 14:56:10,True,10529284,ANDRE & ANDRE LTDA,AGROMANO,,,1
16,2019-12-03 15:55:28,2020-05-05 16:21:12,True,10622200,AGRO SUDOESTE LTDA,AGRO SUDOESTE,,,1
11,2019-12-03 15:55:28,2020-02-11 14:14:10,True,10549551,AGRO COMERCIAL KIST E HEEMANN LTDA,AGROKIST,,,1
14,2019-12-03 15:55:28,2020-02-11 14:18:37,True,10552115,AGRO MARAPOAMA COM PROD AGRI LTDA,AGRO COLABONI,,,1
29,2019-12-03 15:55:28,2020-02-11 14:31:39,True,10550402,AGROMITOS AGROP LTDA EPP,AGROMITOS,,,1
46,2019-12-03 15:55:28,2020-02-11 14:43:16,True,10551465,ALTEMIR INSUMOS AGRICOLAS LTDA,ALTEMIR,,,1
59,2019-12-03 15:55:28,2020-02-12 12:10:43,True,10470358,CARLOS A M OLIVEIRA COM INS AGROP L,CARLOS A M,,,1
2,2019-12-03 15:55:28,2020-08-24 11:05:16,True,10552781,A VOLPATO E CIA LTDA,CASA DO PRODUTOR,,,1
75,2019-12-03 15:55:28,2020-02-12 12:25:41,True,10552073,COAPA COOP AGROINDL DO TOCANTINS,COAPA,,,1
6,2019-12-03 15:55:28,2020-02-14 09:34:57,True,10433936,AGRIC MK LTDA,AGRIC MK,,,1
8,2019-12-03 15:55:28,2020-02-14 09:44:09,True,10434494,AGRIC SOLUCAO EIRELI ME,AGRISOL,,,1
24,2019-12-03 15:55:28,2020-02-14 09:50:55,True,10434370,AGROGARCIA INSUMOS AGRICOLAS LTDA,GEAGRO,,,1
58,2019-12-03 15:55:28,2020-05-05 16:39:08,True,10433603,CAPAL COOP AGROINDUSTRIAL,CAPAL,,,1
39,2019-12-03 15:55:28,2020-02-14 09:58:10,True,10434272,AGROSYN LUZIANIA COML AGRIC LTDA,AGROSYN LUZIANIA,,,1
5,2019-12-03 15:55:28,2020-02-18 14:55:46,True,10433587,AGRIC HORIZONTE LTDA,AGRIC HORIZONTE,,,1
10,2019-12-03 15:55:28,2020-05-05 16:19:54,True,10441788,AGRICOLA ESTRELA LTDA,AGRIC ESTRELA,,,1
44,2019-12-03 15:55:28,2020-02-19 15:05:55,True,10503443,AGROVIT CONSULTORIA E ASSESS AGRON,AGROVIT,,,1
50,2019-12-03 15:55:28,2020-02-19 15:16:45,True,10613398,BANDEIRA SIMONATO & CIA LTDA,BANDEIRA SIMONATO,,,1
19,2019-12-03 15:55:28,2020-04-13 12:53:44,True,10434381,AGROCAT DISTR DE INSUMOS AGRIC LTDA,AGROCAT,,,1
57,2019-12-03 15:55:28,2020-02-19 15:22:11,True,10433879,CANAA COM PROD AGROPECUARIOS LTDA,CANAÃ,,,1
22,2019-12-03 15:55:28,2020-08-24 11:05:57,True,10434361,AGRO SANDRI LTDA,SANDRI,,,1
37,2019-12-03 15:55:28,2020-04-07 15:48:34,True,10433854,CASA AGRICOLA IRMAOS FERREIRA LTDA,IRMAOS FERREIRA,,,1
47,2019-12-03 15:55:28,2020-08-24 11:12:00,True,10553118,AMAGGI EXP E IMP LTDA,AMAGGI,,,1
7,2019-12-03 15:55:28,2020-05-05 15:43:53,True,10486630,AGRIC PANORAMA COM REPRES LTDA,PANORAMA,,,1
43,2019-12-03 15:55:28,2020-05-05 15:47:06,True,10433912,AGROTERRA COM E REPRES LTDA,AGROTERRA,,,1
33,2019-12-03 15:55:28,2020-05-05 16:10:27,True,10434560,AGROP DOIS VIZINHOS LTDA,GAIO,,,1
73,2019-12-03 15:55:28,2020-05-05 16:39:30,True,10433742,COAGRU COOP AGROINDUSTRIAL UNIAO,COAGRU,,,1
53,2019-12-03 15:55:28,2020-08-24 11:12:54,True,10441730,BOCCHI AGRONEGOCIOS & CIA LTDA,BOCCHI,,,1
76,2019-12-03 15:55:28,2019-12-03 15:55:28,True,10439732,COASUL COOP AGROINDUSTRIAL,COASUL,,,1
77,2019-12-03 15:55:28,2019-12-03 15:55:28,True,10433718,COCAMAR COOP AGROINDL,COCAMAR,,,1
89,2019-12-03 15:55:28,2020-01-09 11:26:27,True,10559007,COOP AGRARIA DOS CAFEIC SAO GABRIEL,COOABRIEL,,,1
95,2019-12-03 15:55:28,2019-12-27 09:23:33,True,10433594,COOP AGRIC MISTA GEN OSORIO LTDA,COTRIBA,,,1
100,2019-12-03 15:55:28,2020-01-09 12:13:26,True,10547626,COOP AGRIC RURAL CATARINENSE,COOPERRURAL,,,1
104,2019-12-03 15:55:28,2019-12-03 15:55:28,True,10550465,COOP AGRO PEC DE BOA ESPERANCA,CAPEBE,,,1
105,2019-12-03 15:55:28,2019-12-03 15:55:28,True,10547756,COOP AGRO PEC DO VALE DO SAPUCAI LT,COOPERVASS,,,1
107,2019-12-03 15:55:28,2019-12-03 15:55:28,True,10550742,COOP AGROINDL ALEGRETE LTDA,CAAL,,,1
109,2019-12-03 15:55:28,2019-12-03 15:55:28,True,10447950,COOP AGROINDL BOM JESUS,BJ,,,1
114,2019-12-03 15:55:28,2019-12-03 15:55:28,True,10433570,COOP AGROP CAMPONOVENSE LTDA,COOCAM,,,1
120,2019-12-03 15:55:28,2019-12-03 15:55:28,True,10552082,COOP AGROP PLANAL SERRANO LTDA,COOPERPLAN,,,1
121,2019-12-03 15:55:28,2019-12-19 19:23:11,True,10494113,COOP AGROP TRADICAO,COOPERTRADIÇÃO,,,1
122,2019-12-03 15:55:28,2019-12-03 15:55:28,True,10433815,COOP AGROP VIDEIRENSE,COOPERVIL,,,1
123,2019-12-03 15:55:28,2019-12-03 15:55:28,True,10434562,COOP AGROPEC DE CAMPOS ALTOS LTDA,CAPECA,,,1
127,2019-12-03 15:55:28,2019-12-03 15:55:28,True,10547477,COOP CAFEIC REG LAJINHA LTDA,COOCAFE,,,1
128,2019-12-03 15:55:28,2019-12-03 15:55:28,True,10550518,COOP CAFEIC ZN TRES PONTAS LTDA,COCATREL,,,1
130,2019-12-03 15:55:28,2019-12-03 15:55:28,True,10553590,COOP DE CAFEICULTORES E AGROPECUA,COCAPEC,,,1
131,2019-12-03 15:55:28,2019-12-18 16:51:48,True,10433777,COOP DOS PLANT DE CANA DO EST DE SP,COPLACANA,,,1
133,2019-12-03 15:55:28,2019-12-03 15:55:28,True,10434150,COOP MISTA SAO LUIZ LTDA,COOPERMIL,,,1
134,2019-12-03 15:55:28,2019-12-03 15:55:28,True,10545465,COOP PLANT CANA DO OESTE EST SP,COOPERCANA,,,1
138,2019-12-03 15:55:28,2019-12-03 15:55:28,True,10550068,COOP REG AGROP ALTO V ITAJAI,CRAVIL,,,1
140,2019-12-03 15:55:28,2019-12-03 15:55:28,True,10552182,COOP REG AGROP SERRANA LTDA,COOPERSERRA,,,1
143,2019-12-03 15:55:28,2019-12-18 14:54:33,True,10433408,COOP REG CAFEIC GUAXUPE LTDA,COOXUPE,,,1
144,2019-12-03 15:55:28,2019-12-03 15:55:28,True,10550043,COOP REG ITAIPU,COOPERITAIPU,,,1
146,2019-12-03 15:55:28,2019-12-03 15:55:28,True,10501678,COOP TRIT DE ESPUMOSO LTDA,COTRIEL,,,1
149,2019-12-03 15:55:28,2019-12-03 15:55:28,True,10434583,COOP TRIT MISTA VACARIENSE LTDA,COOPERVAL,,,1
150,2019-12-03 15:55:28,2020-01-06 10:12:01,True,10433876,COOP TRIT REG S LUIZENSE LTDA,COOPATRIGO,,,1
113,2019-12-03 15:55:28,2020-02-12 13:48:31,True,10433890,COOP AGROP BOA ESPERANCENSE,COPERBOA,,,1
98,2019-12-03 15:55:28,2020-02-12 13:35:47,True,10433790,COOP AGRIC MISTA PONTA GROSSA,COOPAGRÍCOLA,,,1
103,2019-12-03 15:55:28,2020-02-12 13:46:25,True,10548658,COOP AGRO INDL HOLAMBRA,INDL HOLAMBRA,,,1
90,2019-12-03 15:55:28,2020-02-14 11:09:13,True,10434575,COOP AGRIC AGUA SANTA LTDA,COASARS,,,1
94,2019-12-03 15:55:28,2020-05-05 16:40:33,True,10433997,COOP AGRIC MISTA DE ADAMANTINA,CAMDA,,,1
92,2019-12-03 15:55:28,2020-02-14 11:12:10,True,10434063,COOP AGRIC DE CAPAO BONITO,CACB,,,1
87,2019-12-03 15:55:28,2020-05-08 11:44:43,True,10468867,COOP A1,A1,,,1
101,2019-12-03 15:55:28,2020-05-05 16:40:48,True,10548083,COOP AGRIC TUPANCIRETA LTDA,AGROPAN,,,1
97,2019-12-03 15:55:28,2020-02-14 11:27:12,True,10550708,COOP AGRIC MISTA NOVA PALMA LTDA,CAMNPAL,,,1
110,2019-12-03 15:55:28,2020-02-14 11:55:04,True,10462225,COOP AGROINDL NOVA PRODUTIVA,NOVA PRODUTIVA,,,1
84,2019-12-03 15:55:28,2020-02-12 13:17:16,True,10604105,COML CEREALISTA SOLIMA LT,SOLIMA CEREALISTA,,,1
116,2019-12-03 15:55:28,2020-02-12 13:51:13,True,10503681,COOP AGROP DE INSUMOS HOLAMBRA,INSUMOS HOLAMBRA,,,1
86,2019-12-03 15:55:28,2020-05-05 16:27:47,True,10574309,CONCEITO AGRIC REPRES COM P AGROP,CONCEITO AGRÍCOLA,,,1
137,2019-12-03 15:55:28,2020-02-07 15:11:07,True,10433817,COOP PROD E CONSUMO CONCORDIA,COPERDIA,,,1
129,2019-12-03 15:55:28,2020-02-12 14:31:26,True,10551271,COOP CAFEIC ZN VARGINHA LTDA,MINASUL,,,1
124,2019-12-03 15:55:28,2020-02-14 12:22:12,True,10433674,COOP AGROPEC DO ALTO PARANAIBA,COOPADAP,,,1
132,2019-12-03 15:55:28,2020-02-14 12:27:29,True,10503823,COOP GER ENER DESEN TAQUARI JACUI,CERTAJA,,,1
125,2019-12-03 15:55:28,2020-02-14 12:25:39,True,10554738,COOP AGROPECUARIA DO OESTE DA BAH,COOPROESTE,,,1
135,2019-12-03 15:55:28,2020-02-14 12:32:32,True,10434591,COOP PROD DE HORTALICAS DE LEBON RE,COOPERHORT,,,1
141,2019-12-03 15:55:28,2020-02-14 12:57:33,True,10433645,COOP REG AURIVERDE LTDA,AURIVERDE,,,1
115,2019-12-03 15:55:28,2020-05-05 16:31:24,True,10433956,COOP AGROP CENTRO SERRANA,COOPEAVI,,,1
99,2019-12-03 15:55:28,2020-05-05 16:10:38,True,10547335,COOP AGRIC MISTA SAO CRISTOVAO LTDA,CAMISC,,,1
111,2019-12-03 15:55:28,2020-02-14 12:12:03,True,10434279,COOP AGROINDL PROD RURAIS S GOIANO,COMIGO,,,1
112,2019-12-03 15:55:28,2020-02-14 12:13:53,True,10433605,COOP AGROINDUSTRIAL COPAGRIL,COPAGRIL,,,1
145,2019-12-03 15:55:28,2020-05-05 15:50:15,True,10550062,COOP TRIT CACAPAVANA LTDA,COTRISUL,,,1
85,2019-12-03 15:55:28,2020-02-12 13:23:49,True,10551228,COMTECNICA COM DE PROD AGROPEC LTDA,COMTECNICA,,,1
93,2019-12-03 15:55:28,2020-02-12 13:32:37,True,10546106,COOP AGRIC DE UNAI LTDA,COAGRIL,,,1
136,2019-12-03 15:55:28,2020-05-05 16:26:49,True,10434261,COOP PROD DE SEM COPROSSEL,COPROSSEL,,,1
119,2019-12-03 15:55:28,2020-02-12 13:54:13,True,10453075,COOP AGROP DO CELEIRO CATARINENSE,COOPERACEL,,,1
142,2019-12-03 15:55:28,2020-02-12 14:41:44,True,10547589,COOP REG CAF VALE DO RIO VERDE LTDA,COCARIVE,,,1
82,2019-12-03 15:55:28,2020-02-14 11:03:00,True,10434517,COML AGRO INDUSTRIAL LTDA,NUTRIMAQ,,,1
118,2019-12-03 15:55:28,2020-02-14 12:17:01,True,10544928,COOP AGROP DE PERDIZES LTDA,COOPERDIZES,,,1
151,2019-12-03 15:55:28,2020-02-14 13:02:51,True,10550649,COOP TRIT SEPEENSE LTDA,COTRISEL,,,1
83,2019-12-03 15:55:28,2020-05-05 16:40:01,True,10546200,COML AGROP SINUELO LTDA,AGROSINUELO,,,1
88,2019-12-03 15:55:28,2020-03-02 16:50:31,True,10468995,COOP AGRARIA DE MACHADO LTDA,COOPAMA,,,1
91,2019-12-03 15:55:28,2020-03-02 17:16:42,True,10433963,COOP AGRIC CATARINENSE DE CEREAIS,COACCER,,,1
96,2019-12-03 15:55:28,2020-03-02 17:24:16,True,10433626,COOP AGRIC MISTA IRAI LTDA,COPAMIL,,,1
102,2019-12-03 15:55:28,2020-05-05 16:41:48,True,10552327,COOP AGRICOLA DO SUL,COPASUL,,,1
108,2019-12-03 15:55:28,2020-03-06 16:18:52,True,10433617,COOP AGROINDL ALFA,COOPERALFA,,,1
106,2019-12-03 15:55:28,2020-04-27 15:13:02,True,10548135,COOP AGRO PECUARIA DE CARMO DO PA,CARPEC,,,1
117,2019-12-03 15:55:28,2020-04-15 15:43:34,True,10546957,COOP AGROP DE PEDRINHAS PAULISTA,COOPEDRINHAS,,,1
78,2019-12-03 15:55:28,2020-05-05 16:25:57,True,10433771,COCARI COOPERATIVA AGROP INDL,COCARI,,,1
80,2019-12-03 15:55:28,2020-05-05 15:57:09,True,10433981,COM INS MAQ AGRIC STO AUGUSTO LTDA,IMACOL,,,1
81,2019-12-03 15:55:28,2020-05-05 16:04:50,True,10512817,COMID MAQUINAS LTDA,COMID,,,1
147,2019-12-03 15:55:28,2020-05-05 16:30:35,True,10467825,COOP TRIT DE SARANDI LTDA,COTRISAL,,,1
79,2019-12-03 15:55:28,2020-05-05 16:39:50,True,10547482,COM DE INSUMOS AGRICOLAS PAZINATO L,CAPA,,,1
154,2019-12-03 15:55:28,2019-12-03 15:55:28,True,10433618,COOPERATIVA AGRARIA AGROINDUSTRIAL,AGRARIA,,,1
155,2019-12-03 15:55:28,2019-12-03 15:55:28,True,10471574,COOPERATIVA AGROINDUSTRIAL COOPERJA,COOPERJA,,,1
156,2019-12-03 15:55:28,2019-12-03 15:55:28,True,10550040,COOPERATIVA MISTA AGROPECURIA DE PA,COOMAP,,,1
157,2019-12-03 15:55:28,2019-12-03 15:55:28,True,10520575,COOPERCITRUS COOP DE PROD RURAIS,COPERCITRUS,,,1
159,2019-12-03 15:55:28,2019-12-19 12:09:48,True,10433720,COPACOL COOP AGROINDL CONSOLATA,COPACOL,,,1
160,2019-12-03 15:55:28,2019-12-03 15:55:28,True,10433419,COPLANA COOP AGROINDUSTRIAL,COPLANA,,,1
161,2019-12-03 15:55:28,2019-12-03 15:55:28,True,10433589,COTRIJAL COOP AGROP E INDUSTRIAL,COTRIJAL,,,1
165,2019-12-03 15:55:28,2020-01-02 10:13:10,True,10433604,CVALE COOPERATIVA AGROINDUSTRIAL,CVALE,,,1
166,2019-12-03 15:55:28,2019-12-03 15:55:28,True,10551789,DA TERRA SOLUCOES AGRICOLAS LTDA,DA TERRA,,,1
167,2019-12-03 15:55:28,2019-12-03 15:55:28,True,10550888,DAGRAMAS COM E REPR DE PROD RURAIS,DAGRAMA,,,1
168,2019-12-03 15:55:28,2019-12-03 15:55:28,True,10576365,DECIO LUIZ CASSOL & CIA LTDA,AGROSOL,,,1
169,2019-12-03 15:55:28,2019-12-03 15:55:28,True,10434305,DEFENSA NUT PROT VEGETAL LTDA,DEFENSA,,,1
170,2019-12-03 15:55:28,2019-12-26 17:10:47,True,10434092,DELTA AGRICOLA LTDA,DELTA,,,1
172,2019-12-03 15:55:28,2019-12-18 09:04:07,True,10433911,DIAMAJU AGRIC LTDA,DIAMAJU,,,1
175,2019-12-03 15:55:28,2019-12-03 15:55:28,True,10434584,DINIZ & SZYMANSKI LTDA,DINIZ & SZYMANSKI,,,1
176,2019-12-03 15:55:28,2019-12-03 15:55:28,True,10628488,DINIZ PENTEADO E CIA LTDA,DINIZ PENTEADO,,,1
177,2019-12-03 15:55:28,2019-12-03 15:55:28,True,10433756,DINIZ SEMENTES E DEFENSIVOS LTDA,DINIZ SEMENTES,,,1
179,2019-12-03 15:55:28,2019-12-03 15:55:28,True,10560719,F PEZZATO AGRICOLA LTDA,F PEZZATO AGRICOLA,,,1
183,2019-12-03 15:55:28,2019-12-17 13:44:06,True,10491666,FOCO AGRONEG LTDA EPP,FOCO,,,1
185,2019-12-03 15:55:28,2019-12-03 15:55:28,True,10512107,FORMOSA AGRO LTDA,FORMOSA,,,1
186,2019-12-03 15:55:28,2019-12-03 15:55:28,True,10434547,FORTEAGRO PROD AGROPEC LTDA,FORTEAGRO,,,1
188,2019-12-03 15:55:28,2019-12-03 15:55:28,True,10488065,FRUT AGRO COM FRUTAS INS LTDA,FRUTIAGRO,,,1
192,2019-12-03 15:55:28,2019-12-03 15:55:28,True,10434138,GIRARDI PALOSCHI LTDA,GIRARDI,,,1
195,2019-12-03 15:55:28,2019-12-03 15:55:28,True,10458346,HF COM E REPRES DE PROD AGROPEC LTD,HF PRODUTOS,,,1
196,2019-12-03 15:55:28,2019-12-03 15:55:28,True,10434118,HIDROCERES COML AGRIC LTDA,HIDROCERES,,,1
197,2019-12-03 15:55:28,2020-01-09 14:39:05,True,10434126,HORTIBRAZ COMERCIO E TECNOLOGIA LTD,HORTIBRA,,,1
200,2019-12-03 15:55:28,2019-12-03 15:55:28,True,10550165,INTEC AGRICOLA LTDA EPP,INTEC,,,1
202,2019-12-03 15:55:28,2019-12-03 15:55:28,True,10434582,JANGADA SEMENTES E FERTILIZANTES LT,JANGADA SEMENTES,,,1
203,2019-12-03 15:55:28,2019-12-27 10:16:13,True,10434212,JOSE NORBERTO DIDEK E CIA LTDA,JOSÉ NORBERTO DIDEK,,,1
204,2019-12-03 15:55:28,2019-12-18 11:45:09,True,10434388,JUPARANA COMERCIAL AGRICOLA LTDA,JUPARANÁ,,,1
211,2019-12-03 15:55:28,2019-12-19 15:07:22,True,10433843,MOINHO IGUACU AGROINDL SA,MOINHO,,,1
217,2019-12-03 15:55:28,2019-12-18 15:47:23,True,10434003,PLANTECNICA SOLUCOES AGRIC LTDA,PLANTECNICA,,,1
218,2019-12-03 15:55:28,2019-12-19 15:55:18,True,10434369,PONTO FORTE COM E REP DE INS AGROP,PONTO FORTE,,,1
220,2019-12-03 15:55:28,2019-12-03 15:55:28,True,10433942,PRADO NORONHA LTDA,SOLOPLANTA,,,1
221,2019-12-03 15:55:28,2019-12-03 15:55:28,True,10433853,PRECISAO RURAL COM PROD AGROP LTDA,PRECISÃO RURAL,,,1
222,2019-12-03 15:55:28,2019-12-03 15:55:28,True,10552496,PRODUCERES LTDA ME,PRODUCERES,,,1
226,2019-12-03 15:55:28,2020-01-09 15:11:18,True,10433924,RIGO AGROP LTDA,RIGO,,,1
207,2019-12-03 15:55:28,2020-01-16 16:16:24,True,10485810,LEMEFERTIL PRODUTOS AGRICOLAS LTDA,LEMEFERTIL,,,1
173,2019-12-03 15:55:28,2020-02-14 11:25:46,True,10546832,DIAMIG DIST DE INSUMOS AGRIC SA,DIAMIG,,,1
189,2019-12-03 15:55:28,2020-01-20 14:23:46,True,10433873,FUTURA INS AGRIC LTDA,FUTURA,,,1
214,2019-12-03 15:55:28,2020-05-05 16:31:02,True,10553557,PIVA AGRO COMERCIAL LTDA,AGROPIVA,,,1
164,2019-12-03 15:55:28,2020-02-14 11:23:57,True,10626898,CULTIVAR COM SERV AGROPEC LTDA,CULTIVAR,,,1
194,2019-12-03 15:55:28,2020-02-14 11:45:19,True,10434209,H F COM E REPRES LTDA ME,HF SEMENTES,,,1
199,2019-12-03 15:55:28,2020-05-05 16:18:57,True,10544948,IMPERAGRO IPTZ AGROP LTDA ME,IMPERAGRO,,,1
215,2019-12-03 15:55:28,2020-05-20 11:39:03,True,10434470,PLANTAR AGROP LTDA,PLANTAR,,,1
181,2019-12-03 15:55:28,2020-04-13 14:32:26,True,10550808,FERT SOLO COM PROD AGRIC LTDA,FERT SOLO,,,1
153,2019-12-03 15:55:28,2020-02-14 13:05:04,True,10433390,COOPAVEL COOPERATIVA AGROINDUSTRIAL,COOPAVEL,,,1
171,2019-12-03 15:55:28,2020-08-24 11:14:11,True,10433837,DENORPI DIST DE INSUMOS AGRIC LTDA,DENORPI,,,1
198,2019-12-03 15:55:28,2020-08-24 11:14:37,True,10551996,IMEMBUY ALIMENTOS AERO AGRIC SA,IMEMBUY,,,1
193,2019-12-03 15:55:28,2020-02-14 13:20:03,True,10552689,GLOBAL PRODUTOS AGROP LTDA,GLOBAL,,,1
225,2019-12-03 15:55:28,2020-04-06 17:06:18,True,10434301,RENOVARE MOSSORO COM AGRIC LTDA,RENOVARE,,,1
227,2019-12-03 15:55:28,2020-08-24 11:14:54,True,10453699,RIZZI & CIA LTDA,AGRIMAR,,,1
191,2019-12-03 15:55:28,2020-05-05 16:43:34,True,10439887,GADENZ PARIZOTTO CIA LTDA,GADENZ PARIZOTTO,,,1
213,2019-12-03 15:55:28,2020-02-14 13:26:29,True,10551792,NORTESUL COMERCIAL AGRICOLA LTDA ME,NORTESUL,,,1
206,2019-12-03 15:55:28,2020-05-05 16:36:28,True,10501660,LAVROTERRA COM E REP DE PROD AGROP,LAVROTERRA,,,1
201,2019-12-03 15:55:28,2020-05-05 16:12:33,True,10433414,INTEGRADA COOPERATIVA AGROINDUSTRIA,INTEGRADA,,,1
163,2019-12-03 15:55:28,2020-02-14 11:20:22,True,10626515,CULTIVA SOLUCOES AGROP LTDA,CULTIVA,,,1
174,2019-12-03 15:55:28,2020-05-05 16:15:32,True,10491327,DIBAN DISTR DE INS AGRIC BANDEIRANT,DIBAN,,,1
162,2019-12-03 15:55:28,2020-02-14 13:11:09,True,10547802,COTRIJUC COOP AGROP JULIO DE CAST,COTRIJUC,,,1
178,2019-12-03 15:55:28,2020-02-14 13:14:27,True,10433504,EDIR TOMIOSHI AGRIC LTDA,EDIR TOMIOSHI,,,1
190,2019-12-03 15:55:28,2020-02-14 13:17:40,True,10434144,G M GOMES MARIM COM REPRES PROD AGR,G M,,,1
208,2019-12-03 15:55:28,2020-02-14 13:25:31,True,10433867,MAFER MARILIA COM REPRES LTDA,MAFER,,,1
184,2019-12-03 15:55:28,2020-02-14 11:41:56,True,10546385,FORCA AGRICOLA LTDA,FORÇA,,,1
219,2019-12-03 15:55:28,2020-05-05 16:44:22,True,10433598,PONTO RURAL COM DIST INS AGRIC LTDA,PONTO RURAL,,,1
158,2019-12-03 15:55:28,2020-08-24 11:13:52,True,10433574,COOPERMOTA COOP AGROINDL,COOPERMOTA,,,1
224,2019-12-03 15:55:28,2020-02-14 13:40:08,True,10433698,PROTEC PRODUTOS AGRIC LTDA,PROTEC,,,1
209,2019-12-03 15:55:28,2020-04-27 17:43:23,True,10434430,MCF AGRICOLA EIRELI,MCF,,,1
187,2019-12-03 15:55:28,2020-05-05 16:03:07,True,10433400,FRISIA COOP AGROINDUSTRIAL,BATAVO,,,1
223,2019-12-03 15:55:28,2020-05-05 16:09:33,True,10434379,PRODUTECNICA NORDESTE COM INS AGRIC,PRODUTECNICA,,,1
180,2019-12-03 15:55:28,2020-05-05 16:15:21,True,10433656,FERRARI ZAGATTO COM DE INSUMOS SA,AGRIC FERTIPOL,,,1
182,2019-12-03 15:55:28,2020-05-05 16:17:53,True,10479292,FIAGRIL LTDA,FIAGRIL,,,1
210,2019-12-03 15:55:28,2020-05-05 16:42:23,True,10525886,MM COML DE CEREAIS LTDA,CEREAIS MENIM,,,1
205,2019-12-03 15:55:28,2020-05-05 16:43:23,True,10433606,LAR COOP AGROINDL,LAR,,,1
212,2019-12-03 15:55:28,2020-05-11 11:24:41,True,10468866,NILTON ARNO BRAUCKS,BRAUCKS,,,1
230,2019-12-03 15:55:28,2019-12-03 15:55:28,True,10434309,RURAL DISTR DE PRODUTOS AGRIC LTDA,RURAL DISTRIBUIDORA,,,1
236,2019-12-03 15:55:28,2020-01-08 08:44:17,True,10563635,SANDRI DIS MAQ EQUI INSU AGROP LTDA,SANDRI CATIVO,,,1
242,2019-12-03 15:55:28,2019-12-03 15:55:28,True,10434358,SIAP COM DE PROD AGROPECUARIOS LTDA,SIAP,,,1
243,2019-12-03 15:55:28,2019-12-03 15:55:28,True,10433842,SILOTI E CIA LTDA,SILOTI,,,1
248,2019-12-03 15:55:28,2019-12-03 15:55:28,True,10433897,SOMA COM E REPRES PROD AGRIC LTDA,SOMA,,,1
251,2019-12-03 15:55:28,2019-12-19 12:18:50,True,10440099,SOMMAR SOLUCOES AGRICOLAS LTDA,SOMMAR,,,1
258,2019-12-03 15:55:28,2019-12-03 15:55:28,True,10434424,SYNTONIA AGRONEGOCIOS LTDA,SYNTONIA,,,1
259,2019-12-03 15:55:28,2019-12-03 15:55:28,True,10472083,SYNVALE DIST DE PROD AGROPEC LTDA,SYNVALE,,,1
260,2019-12-03 15:55:28,2020-01-10 11:45:28,True,10545055,TARUMA COMERCIO E REPRES LTDA,TARUMÃ,,,1
261,2019-12-03 15:55:28,2019-12-03 15:55:28,True,10433888,TEMA AGRIC COM E SERV LTDA,TEMA,,,1
262,2019-12-03 15:55:28,2019-12-03 15:55:28,True,10434263,TERRA FERTIL AGRO LTDA,TERRA FÉRT,,,1
263,2019-12-03 15:55:28,2019-12-03 15:55:28,True,10434171,TERRA NOVA COM REP ASSIS TEC AGRIC,TERRA NOVA,,,1
273,2019-12-03 15:55:28,2019-12-03 15:55:28,True,10434280,YOSHIDA & HIRATA LTDA,YOSHIDA HIRATA,,,1
274,2019-12-09 11:57:23,2019-12-26 13:47:37,True,10641051,AVANTIAGRO COMERCIAL AGRICOLA LTDA,AVANTIAGRO,,,1
269,2019-12-03 15:55:28,2020-02-14 13:51:08,True,10548790,UNIAO AGROCOMERCIAL LTDA ME,UNIAO,,,1
246,2019-12-03 15:55:28,2020-02-14 13:51:57,True,10433582,SOBERANA EQUIPAMENTOS AGROP LTDA,SOBERANA,,,1
152,2019-12-03 15:55:28,2020-04-07 11:11:34,True,10548459,COOP TRIT TAPERENSE LTDA,COTRISOJA,,,1
238,2019-12-03 15:55:28,2020-04-14 15:54:03,True,10546295,SANTANA PRODUTOS AGROPECUARIOS LTDA,PARASUL AGRICOLA,,,1
239,2019-12-03 15:55:28,2020-08-24 11:15:15,True,10434295,SARTI E SILVA COM PROD AG,SM AGRO,,,1
231,2019-12-03 15:55:28,2020-01-21 17:09:53,True,10434431,RURAL MAIS AGRONEGOCIOS LTDA,RURAL MAIS,,,1
247,2019-12-03 15:55:28,2020-05-05 16:56:17,False,10619737,SOL A SOL COMERCIAL AGRICOLA LTDA,SOL A SOL,,,1
240,2019-12-03 15:55:28,2020-01-27 17:53:43,True,10433884,SASAHARA AGR E PEC LTDA,SASAHARA,,,1
139,2019-12-03 15:55:28,2020-01-28 09:57:00,True,10433601,COOP REG AGROP DE CAMPOS NOVOS COPE,COOPERCAMPOS,,,1
244,2019-12-03 15:55:28,2020-01-29 09:16:26,True,10433791,SINAGRO PRODUTOS AGROP SA,SINAGRO - MT,,,1
270,2019-12-03 15:55:28,2020-02-14 13:52:58,True,10434565,UNISOY SOLUCOES AGRICOLAS LTDA,UNISOY,,,1
250,2019-12-03 15:55:28,2020-02-14 12:40:37,True,10439519,SOMAR PRODUTOS AGRICOLAS LTDA,SOMAR,,,1
249,2019-12-03 15:55:28,2020-02-14 13:55:00,True,10559900,SOMA CRISTALINA COM E REPRES LTDA,SOMA CRISTALINA,,,1
255,2019-12-03 15:55:28,2020-02-14 13:57:50,True,10434455,SUPER SAFRA AGROPECUARIA LTDA,SUPER SAFRA,,,1
284,2020-08-24 10:55:29,2020-08-24 10:55:29,True,10628955,INOVA AGRIC LTDA,-,,,1
281,2020-04-28 17:12:40,2020-04-28 17:12:40,True,10483240,PRODUTECNICA NORTE COM DEF AGRIC LT,PRODUTECNICA NORTE,,,1
256,2019-12-03 15:55:28,2020-02-14 13:36:47,True,10533200,SUPRA COM E REP DE PROD AGRIC LTDA,SUPRA,,,1
126,2019-12-03 15:55:28,2020-02-12 14:00:03,True,10550387,COOP CAF DE CAMPOS GERAIS E CAMPO,COOPERCAM,,,1
287,2020-08-24 11:16:54,2020-08-24 11:16:54,True,10433442,AGROPECUARIA JOCLA LTDA,-,,,1
277,2020-04-28 17:11:50,2020-04-28 17:18:19,True,10553305,BUSCHLE E LEPPER SA,BUSCHLE E LEPPER,,,1
285,2020-08-24 10:57:57,2020-08-24 10:57:57,True,10679728,PARASUL AGRIC COM DE INS AGRIC LTDA,PARASUL AGRICOLA,,,1
279,2020-04-28 17:12:16,2020-05-05 16:08:12,True,10551247,EVIDENCIA AGRIC COM REP P AGROP LTD,EVIDENCIA,,,1
286,2020-08-24 11:03:24,2020-08-24 11:03:24,True,10526544,CONFIANCA AGRICOLA LTDA,TERRA NOVA,,,1
71,2019-12-03 15:55:28,2020-02-14 10:59:31,True,10548562,COAGRISOL COOP AGROINDUSTRIAL,COAGRISOL,,,1
232,2019-12-03 15:55:28,2020-05-05 16:34:53,True,10551760,RURALTEC COM E REPRES PROD AGRIC LT,RURALTEC,,,1
228,2019-12-03 15:55:28,2020-02-14 12:11:06,True,10569641,RURAL AGRO COM ATAC MEDIC VET LTDA,RURAL AGRO,,,1
235,2019-12-03 15:55:28,2020-02-14 12:12:59,True,10547876,SANDRI AGROINSUMOS LTDA,TK,,,1
237,2019-12-03 15:55:28,2020-02-14 12:20:56,True,10552883,SANTAGRO COMERCIAL AGRICOLA LTDA,SANTAGRO,,,1
234,2019-12-03 15:55:28,2020-02-14 13:46:40,True,10554012,SALGUEIRO E SOUSA PRODUTOS AGRIC LT,LIDERAGRO,,,1
245,2019-12-03 15:55:28,2020-05-05 16:10:50,True,10551599,SIVIERO CEREAIS INS AGRIC E TRANSP,SIVIERO,,,1
283,2020-04-28 17:13:28,2020-04-28 17:23:14,True,10643459,ATUA AGRO SYNGENTA COMERCIAL AGRICOLA LTDA - SANTA MARIA,ATUA AGRO - SANTA MARIA,,,1
264,2019-12-03 15:55:28,2020-02-14 14:00:03,True,10433659,TERRENA AGRONEGOCIOS LTDA,TERRENA,,,1
266,2019-12-03 15:55:28,2020-02-14 14:01:59,True,10544914,TRITEC EQUIPAMENTOS LTDA,TRITEC,,,1
267,2019-12-03 15:55:28,2020-02-14 14:04:10,True,10548563,U S FERNANDES E CIA LTDA,CIA DO PRODUTOR,,,1
36,2019-12-03 15:55:28,2020-08-24 11:15:56,True,10552145,SANDRI AGROINSUMOS AGROP LTDA,SEMENTE DOURADA,,,1
252,2019-12-03 15:55:28,2020-05-05 16:37:44,True,10546499,SONNORA COMERCIAL AGRICOLA LTDA,SONNORA,,,1
282,2020-04-28 17:13:03,2020-05-05 16:24:46,True,10643379,ATUA AGRO SYNGENTA COMERCIAL AGRICOLA LTDA - IJUI,ATUA AGRO - IJUI,,,1
148,2019-12-03 15:55:28,2020-05-05 15:57:24,True,10433672,COOP TRIT MISTA CAMPO NOVO LTDA,COTRICAMPO,,,1
216,2019-12-03 15:55:28,2020-05-05 16:28:02,True,10552126,PLANTAR E COLHER REPR COM PROD AGRI,PLANTAR E COLHER,,,1
280,2020-04-28 17:12:25,2020-04-28 17:21:16,True,10634743,JSM COM E REPRES PRODUTO AGROP LTDA,SETEC,,,1
253,2019-12-03 15:55:28,2020-05-05 16:42:36,True,10544903,SUL BRASIL COM DE CEREAIS LTDA,SUL BRASIL,,,1
275,2019-12-26 13:20:48,2020-05-05 15:46:22,True,10549502,AGROSONNORA COML AGRIC LTDA,AGROSONNORA,,,1
268,2019-12-03 15:55:28,2020-05-05 16:02:07,True,10434115,UDIAGRO COM E REP DE DEF AGRIC LTDA,UDIAGRO,,,1
271,2019-12-03 15:55:28,2020-05-05 16:28:58,True,10434145,V J FUCHS CIA LTDA,V J FUCHS,,,1
233,2019-12-03 15:55:28,2020-05-05 16:05:34,True,10550580,S B RUBENICH & CIA LTDA,COXILHA,,,1
265,2019-12-03 15:55:28,2020-05-05 16:27:20,True,10434142,TONI CEREALISTA LTDA,TONI,,,1
272,2019-12-03 15:55:28,2020-05-05 16:29:51,True,10434015,W2 AGRONEGOCIOS LTDA,W2,,,1
241,2019-12-03 15:55:28,2020-05-05 16:32:30,True,10549020,SEARA COML AGRIC LTDA,SEARA,,,1
229,2019-12-03 15:55:28,2020-05-05 16:42:52,True,10610115,RURAL COM E REPR AGRICOLAS LTDA,CASA RURAL,,,1
278,2020-04-28 17:12:04,2020-05-05 16:41:34,True,10433834,COOP DOS BATAT DA REG DE V GDE DO S,COOPERBATATA,,,1
254,2019-12-03 15:55:28,2020-05-05 16:44:56,True,10550753,SUL FERTIL COM DE PROD AGRICOLAS LT,SUL FERTIL,,,1
257,2019-12-03 15:55:28,2020-05-05 16:45:11,True,10434248,SYAGRI AGRONEGOCIOS COM E REP LTDA,SYAGRI,,,1
